ID,Steps,Jumping,Mucus Discharge,Voice_Pitch,Mounting Activity,Temperature_F,Progesterone Level,Ready_For_Insemination
0,860,4,no,18,high,99.3,high,0
1,3772,5,no,14,low,105.1,high,1
2,3092,2,yes,27,low,105.4,Low,1
3,466,4,yes,23,low,104.8,high,0
4,3444,1,no,71,high,100.5,Low,1
5,3171,3,yes,8,high,106.7,high,1
6,2919,3,yes,46,high,99.7,high,1
7,130,5,no,32,low,98.5,Low,0
8,1685,1,yes,61,low,105.2,high,1
9,769,5,yes,18,high,102.8,high,0
10,2391,1,yes,66,low,106.5,high,1
11,2433,2,yes,73,high,101.8,Low,1
12,1184,3,yes,39,low,99.7,Low,0
13,3385,3,no,46,high,106.4,high,1
14,4117,2,no,64,low,103.5,high,1
15,2904,0,no,28,low,99.9,Low,0
16,474,5,no,49,low,105.2,Low,0
17,1082,2,yes,12,high,103.1,high,0
18,2558,5,yes,0,high,104,Low,1
19,2047,4,yes,33,high,102.6,high,1
20,2747,3,no,47,high,106.3,high,1
21,975,5,yes,76,high,106.3,high,1
22,1806,1,yes,47,low,105.1,Low,0
23,189,5,no,48,low,99.1,high,0
24,2734,4,no,63,low,106.4,Low,1
25,3005,3,yes,60,high,104.7,high,1
26,1899,2,no,28,low,105,high,0
27,1267,4,yes,38,high,101.6,high,0
28,1528,3,yes,87,high,106.8,high,1
29,3202,5,yes,25,low,105.3,high,1
30,3556,0,yes,16,low,99.1,Low,0
31,3890,0,no,70,low,102.1,Low,1
32,646,1,no,12,high,106.9,high,1
33,2888,3,yes,68,high,98.5,high,1
34,2435,0,no,25,high,107.6,Low,0
35,600,2,yes,48,high,104.8,Low,0
36,2363,3,yes,66,high,104.3,Low,1
37,2061,2,no,6,low,100.7,Low,1
38,241,2,no,57,low,100.5,high,1
39,2041,0,no,48,high,107.4,high,0
40,2824,3,yes,52,high,101,Low,1
41,2612,5,no,64,high,105.8,high,1
42,1363,4,yes,61,low,101.9,Low,1
43,1478,0,no,16,low,99.4,Low,0
44,2556,0,no,42,high,98.1,high,0
45,775,5,yes,24,low,103.4,Low,0
46,4014,3,no,2,low,107.8,high,1
47,34,3,no,78,high,101.7,high,1
48,3152,2,no,28,high,101.6,Low,1
49,1955,5,no,31,low,101.4,Low,0
50,1585,5,no,25,high,103.2,high,0
51,3943,3,no,15,high,102.4,Low,1
52,3073,2,yes,24,low,106.8,Low,1
53,1021,0,no,53,low,103.1,high,0
54,3461,1,yes,27,low,103.1,high,1
55,2613,4,yes,72,low,99.4,high,1
56,3843,0,yes,55,low,107.8,Low,1
57,1500,3,no,64,low,100.5,high,0
58,161,4,yes,85,high,98.7,Low,0
59,1981,1,yes,79,low,104.6,high,1
60,995,1,yes,40,high,104,high,0
61,3342,2,no,50,high,102.2,Low,1
62,3798,4,no,70,low,102.2,Low,1
63,1275,2,no,77,high,105.9,high,1
64,1016,0,no,28,low,100,Low,0
65,337,5,yes,82,low,106.2,Low,1
66,878,5,no,18,low,104.5,high,0
67,1076,5,yes,65,low,102.2,high,1
68,3993,4,yes,40,low,102.6,Low,1
69,379,5,yes,44,low,100.6,high,0
70,492,0,yes,14,high,105.5,Low,0
71,2062,2,yes,2,high,103.1,Low,1
72,3884,4,yes,10,high,101.2,high,0
73,64,2,no,52,low,104,high,1
74,2568,4,yes,45,high,108,Low,1
75,2027,2,yes,29,low,102.4,Low,1
76,2695,1,yes,56,low,107.2,Low,1
77,1495,2,yes,17,high,101.5,Low,0
78,391,5,no,50,low,98.5,Low,0
79,3561,1,no,47,high,100,Low,1
80,2278,2,no,65,low,102.2,Low,1
81,3099,4,yes,7,high,100.2,high,1
82,200,4,no,21,high,98,Low,0
83,3104,4,yes,5,low,107.2,high,1
84,2454,3,yes,75,low,106.4,Low,1
85,3645,0,no,56,low,105.4,Low,1
86,804,4,yes,35,high,99.7,Low,0
87,2731,1,yes,78,low,99.2,high,1
88,2773,4,no,56,high,98.7,Low,1
89,1570,3,yes,48,low,105.2,Low,0
90,2690,5,yes,44,low,107.3,high,1
91,3840,1,yes,81,high,102.3,Low,1
92,1028,3,no,65,high,99.2,high,0
93,502,5,no,76,high,103.1,high,1
94,870,1,no,44,low,101.5,Low,0
95,206,2,yes,78,high,101.7,Low,1
96,1484,0,yes,19,high,104.2,Low,0
97,863,0,yes,63,high,105.2,high,1
98,2790,3,no,66,high,99.1,high,1
99,563,5,yes,82,low,98.4,Low,1
100,4191,0,yes,2,high,107.9,Low,0
101,1757,5,yes,53,low,100.3,Low,0
102,1678,5,yes,77,low,98.5,Low,1
103,3242,3,no,63,low,99.9,Low,1
104,1059,3,no,39,high,98.4,Low,0
105,1722,3,yes,58,low,101.9,Low,0
106,3314,0,yes,54,high,106,high,1
107,3157,3,yes,61,low,101.4,high,1
108,2625,0,no,3,low,102.4,Low,0
109,2729,3,no,59,high,104.8,high,1
110,1597,4,no,74,low,103.1,Low,1
111,3060,5,no,90,high,106.6,Low,1
112,2693,3,yes,29,high,106.7,Low,1
113,3627,1,yes,1,high,98.1,Low,0
114,1363,5,no,61,low,105.8,Low,1
115,1981,5,yes,48,high,102.6,high,1
116,1663,3,yes,8,low,107.9,high,0
117,1529,2,yes,30,low,102.8,Low,0
118,2038,3,yes,60,high,107.9,high,1
119,3302,5,no,78,high,105.5,Low,1
120,2237,1,yes,47,high,100.5,high,0
121,1306,5,yes,24,low,103.4,high,1
122,4029,1,yes,35,high,107.9,high,1
123,2675,0,no,7,high,106.6,Low,0
124,1282,4,yes,72,low,99,Low,0
125,709,5,yes,57,high,105.1,Low,1
126,3748,3,no,44,low,101.5,high,0
127,663,0,yes,61,low,98.1,Low,0
128,1998,4,yes,38,high,102,high,1
129,3445,3,yes,57,low,100.3,Low,1
130,3743,2,no,80,low,106.2,high,1
131,1495,3,yes,82,high,101.4,high,0
132,3304,1,yes,63,low,106.3,Low,1
133,3763,1,no,43,high,98,high,1
134,1853,2,yes,28,low,101.1,high,0
135,1291,0,yes,58,high,100.4,Low,0
136,3581,4,no,70,low,100.3,Low,1
137,3457,3,yes,8,low,98.7,Low,0
138,1636,1,no,5,high,99.9,high,0
139,3696,0,yes,28,high,103.6,high,0
140,2999,2,yes,57,low,100.9,high,1
141,3152,5,yes,16,high,102.2,Low,1
142,698,1,no,15,high,101.8,Low,0
143,2160,2,yes,86,low,106.8,high,1
144,4097,3,yes,2,high,107.1,high,1
145,854,4,no,20,low,102.9,high,0
146,3474,1,no,63,low,101.3,high,1
147,1707,1,yes,89,low,99.1,high,0
148,2777,3,yes,35,high,107.5,Low,1
149,1733,5,yes,85,low,98.6,Low,0
150,3510,0,no,61,high,101,high,0
151,202,4,no,41,low,101,high,0
152,3255,1,yes,75,high,101.2,Low,1
153,766,4,no,41,low,99.6,Low,0
154,2327,1,yes,60,high,105.8,Low,1
155,2931,4,no,12,high,99.2,Low,0
156,197,2,yes,10,low,104.3,Low,1
157,1930,1,no,53,low,99.2,high,0
158,3582,4,yes,15,low,98.7,Low,0
159,608,0,no,7,low,107.1,high,0
160,3272,2,no,58,low,99.9,high,1
161,1147,2,yes,56,low,106.2,high,1
162,3397,0,yes,39,high,103.4,high,0
163,2511,4,no,58,low,98.8,high,1
164,1794,3,no,1,low,107.6,high,0
165,659,0,yes,75,high,100.5,high,0
166,2811,4,yes,9,low,106.6,Low,1
167,1369,0,yes,43,low,99.7,Low,0
168,1986,0,no,10,low,106.5,high,0
169,146,1,no,78,high,98.1,Low,0
170,3219,4,no,79,low,103.1,high,1
171,2911,3,no,80,high,105.7,high,1
172,1734,1,yes,89,high,107.3,Low,1
173,1843,0,yes,1,low,107.1,high,0
174,488,5,no,49,high,106.2,Low,0
175,2976,0,no,11,high,106.9,Low,0
176,1959,0,no,89,high,100,Low,0
177,2385,4,no,22,high,100.8,high,0
178,2919,4,no,17,high,100.9,high,0
179,1802,1,yes,61,low,101.8,Low,0
180,4061,3,yes,61,high,101.9,high,1
181,3369,1,yes,37,low,103.4,high,1
182,262,2,yes,66,low,99.6,Low,1
183,623,0,yes,37,low,104.9,high,0
184,1016,5,no,66,low,99.7,high,1
185,3643,0,yes,60,high,101.1,high,0
186,2049,0,yes,0,low,103,Low,0
187,3723,1,no,44,high,106,Low,1
188,3108,5,no,27,high,105.4,Low,1
189,4090,5,no,20,high,104.5,Low,1
190,2056,5,no,12,low,99.6,high,0
191,3170,1,no,26,low,103.5,Low,1
192,1682,0,yes,6,low,98.9,high,0
193,2255,1,yes,21,high,101.8,Low,0
194,1154,4,yes,73,low,102.1,Low,1
195,3191,4,yes,52,high,98.4,Low,1
196,1696,1,no,78,low,100.7,Low,1
197,3991,5,yes,78,high,107.6,high,1
198,1648,0,no,3,high,107.5,high,0
199,1445,1,yes,22,low,101.5,high,0
200,4199,1,no,69,high,98.4,Low,1
201,3923,1,no,87,low,99.8,Low,1
202,253,2,yes,83,high,101.9,Low,0
203,3183,4,no,83,high,107.5,high,1
204,2557,5,no,75,low,99.4,high,1
205,98,3,yes,32,low,105.6,Low,1
206,2200,5,no,27,high,99.1,Low,1
207,2961,3,no,7,low,107.8,Low,1
208,3777,2,no,0,low,101.8,Low,0
209,2869,1,yes,36,low,105.8,Low,1
210,3234,2,no,62,high,101.4,high,1
211,3791,2,no,21,low,104.3,high,1
212,956,0,yes,69,high,99.9,Low,0
213,4067,4,no,20,high,99.5,Low,1
214,160,3,yes,34,high,107.4,high,0
215,1300,1,no,78,high,107.2,Low,1
216,3987,3,yes,4,high,106.9,Low,1
217,1527,5,yes,59,low,104.3,high,1
218,1218,3,no,45,high,106.1,high,0
219,3104,5,yes,49,low,98.7,Low,0
220,2735,4,no,47,high,101.3,Low,1
221,954,5,yes,5,low,101.1,high,0
222,3446,3,yes,88,low,104.4,high,1
223,1045,3,no,55,low,101.6,Low,0
224,1693,5,no,58,high,99.5,high,1
225,3436,2,no,28,low,104,high,1
226,562,4,no,70,high,106.1,Low,1
227,2485,0,no,76,high,101.8,high,0
228,3354,1,no,17,high,99.3,high,0
229,225,3,yes,1,low,100,Low,0
230,959,1,no,7,low,100.4,Low,0
231,3067,0,yes,74,high,101,high,0
232,815,1,yes,53,high,104.4,Low,1
233,3120,0,yes,37,high,104,Low,1
234,16,5,no,47,high,105,high,0
235,1243,2,yes,26,low,101.6,high,0
236,2205,3,yes,19,low,106.2,high,1
237,2524,0,yes,11,high,100,high,0
238,1069,1,yes,42,high,102.7,Low,0
239,3444,3,yes,60,high,106,high,1
240,2565,2,no,30,high,99.8,Low,1
241,1060,5,yes,90,low,99.1,Low,0
242,2327,3,yes,60,low,106.8,Low,1
243,3420,0,yes,73,high,101.4,Low,0
244,301,2,yes,66,high,104.8,high,1
245,606,1,no,90,high,98.3,high,1
246,3170,2,yes,34,high,104.9,high,1
247,699,2,no,14,high,101.2,Low,0
248,1139,4,no,15,high,98.6,Low,0
249,190,2,yes,12,high,104.1,high,1
250,2300,2,yes,34,high,100.4,Low,0
251,980,3,yes,74,low,101.9,Low,1
252,2975,1,yes,58,high,98.8,Low,1
253,1184,3,yes,20,low,99.5,Low,0
254,3327,3,yes,53,high,101,high,1
255,3394,0,no,74,low,98.9,Low,1
256,127,3,no,29,low,107.1,high,0
257,2065,4,no,47,high,98.1,high,0
258,1816,4,no,34,low,102.8,high,0
259,569,0,no,85,low,99.2,Low,0
260,1895,5,yes,37,high,101.1,high,0
261,2733,1,yes,30,low,107.3,Low,1
262,3863,1,no,77,low,99.6,Low,1
263,4014,3,yes,23,high,107.7,Low,1
264,2901,3,no,48,low,100.1,Low,0
265,1686,5,yes,31,high,105.4,Low,0
266,3009,3,yes,54,high,103.5,Low,1
267,154,1,no,78,low,106.8,Low,1
268,2537,2,no,57,low,103.5,Low,1
269,1409,4,no,2,low,103.3,high,1
270,4057,2,no,79,high,100,high,1
271,784,2,no,68,low,99.7,high,0
272,3175,1,yes,84,low,107.2,high,1
273,2806,2,no,9,high,101.3,Low,0
274,537,5,no,82,low,101.7,Low,1
275,1841,0,no,24,low,105.6,Low,0
276,2455,3,yes,67,low,101.4,Low,1
277,524,0,yes,60,high,107.5,Low,0
278,2950,4,no,28,low,105.4,Low,1
279,4131,3,no,18,low,104,high,1
280,4115,2,yes,42,high,106.8,high,1
281,2368,4,yes,65,high,98.5,high,1
282,3847,3,no,73,low,100.6,high,1
283,2701,5,no,60,low,102.7,Low,1
284,971,5,yes,42,high,100.3,high,0
285,1166,5,yes,24,low,105.4,Low,0
286,2774,5,no,19,high,107.2,Low,1
287,1982,2,yes,47,high,102.2,high,1
288,853,0,yes,82,high,101.4,high,0
289,4146,3,yes,86,low,107.6,Low,1
290,3736,2,no,23,low,102.4,Low,1
291,3769,5,yes,10,low,102.9,high,1
292,574,0,yes,54,low,101.5,Low,0
293,3261,4,yes,27,high,107.1,Low,1
294,1148,4,yes,68,high,103.7,high,1
295,1715,4,no,62,high,105.6,Low,1
296,3854,5,yes,58,low,106.1,high,1
297,2491,4,yes,4,low,101.4,high,1
298,2660,1,yes,50,high,102.3,Low,1
299,3124,3,no,20,low,106.5,Low,1
300,3051,3,no,11,high,101.6,Low,0
301,4,5,yes,49,high,105.9,Low,0
302,876,1,no,3,low,107.4,Low,0
303,991,2,no,41,low,104.2,Low,0
304,4142,2,yes,83,high,105.4,high,1
305,635,4,no,37,high,106.1,Low,1
306,1693,0,yes,24,low,106.5,high,0
307,1682,2,yes,13,low,102,high,1
308,119,0,no,74,low,98.5,Low,0
309,830,3,no,31,low,102,high,1
310,3675,0,no,10,high,104.7,high,1
311,1369,3,yes,60,high,102.5,Low,1
312,740,1,no,17,low,105.5,Low,1
313,116,1,no,26,high,101.6,Low,0
314,2838,5,no,54,high,104.3,Low,1
315,1150,5,no,53,high,99.9,high,0
316,1931,4,no,81,low,105.5,Low,1
317,1012,2,yes,86,low,103.5,high,1
318,1664,4,no,74,low,100,Low,0
319,1081,3,yes,20,high,100.9,high,0
320,512,4,yes,43,high,105.5,high,0
321,2849,0,no,4,low,102.8,high,1
322,559,3,yes,86,high,100.2,Low,0
323,3672,5,no,40,high,107.7,high,1
324,3343,1,no,58,high,105.2,Low,1
325,4070,5,no,88,high,107.6,high,1
326,1470,2,no,53,high,102.3,Low,1
327,580,3,yes,73,high,102.8,Low,1
328,2294,3,no,21,high,107,high,1
329,3147,0,no,82,low,103.3,high,1
330,1679,2,yes,64,high,105.1,high,1
331,3506,1,yes,63,high,100.5,high,1
332,2744,3,yes,70,low,102.5,Low,1
333,3356,3,no,3,high,99.2,high,0
334,4045,0,no,64,high,100.1,high,1
335,1243,4,yes,14,low,98,Low,0
336,3118,1,no,75,low,98.4,Low,1
337,2141,5,no,21,low,107.8,Low,1
338,3059,2,no,85,high,100.4,high,1
339,2959,3,yes,46,low,104.6,Low,1
340,2265,3,no,80,high,106.4,high,1
341,2479,5,no,45,low,103.5,high,1
342,1635,1,no,13,high,99.5,Low,0
343,1757,4,yes,49,high,105.3,Low,0
344,2070,3,yes,19,low,104,high,1
345,2849,1,no,49,low,105.3,Low,1
346,3251,5,yes,32,low,105.7,Low,1
347,3730,0,no,58,high,107.8,Low,1
348,2489,4,yes,42,low,103.7,high,1
349,1631,2,no,78,low,101.4,Low,0
350,2816,3,yes,11,low,104.5,high,1
351,1015,1,no,39,high,98.7,high,0
352,1348,0,no,19,high,107,Low,0
353,3087,2,yes,37,high,99.2,high,1
354,2839,1,yes,2,high,101.3,Low,0
355,335,1,yes,27,high,106.2,high,1
356,895,2,no,55,high,104,high,1
357,3546,0,yes,89,low,101.9,Low,0
358,851,5,yes,12,low,102.7,high,0
359,1687,0,no,76,low,106.5,high,0
360,1931,4,no,65,high,101.4,Low,1
361,3746,3,yes,36,high,106.7,high,1
362,2427,2,yes,48,low,98.9,Low,0
363,1568,5,yes,65,low,105.8,Low,1
364,4000,2,no,35,high,106.5,high,1
365,2738,2,no,53,high,99.8,Low,1
366,3498,0,no,25,high,102.3,high,0
367,3913,3,no,74,high,99.7,high,1
368,1066,4,yes,71,low,105.1,high,1
369,2444,1,no,39,high,103.4,high,1
370,4107,1,yes,42,high,104.4,Low,1
371,3373,2,no,21,high,100,high,0
372,3969,3,yes,19,high,100.1,high,0
373,2546,5,no,7,high,98.4,high,0
374,753,0,yes,28,low,101.2,high,0
375,2082,3,yes,39,high,103.6,high,1
376,2774,3,no,89,high,106.6,Low,1
377,2896,0,no,29,low,104.7,Low,0
378,4185,2,yes,80,low,102.4,Low,1
379,775,3,no,83,low,107.5,high,1
380,1625,1,no,54,high,105.2,Low,1
381,3069,0,no,15,low,107.3,high,0
382,417,5,yes,45,low,103.3,high,0
383,114,4,yes,61,high,100.6,Low,0
384,616,2,no,6,low,98.5,Low,0
385,3974,0,yes,79,low,105.3,Low,1
386,3267,4,yes,44,high,99.2,high,0
387,825,4,no,58,low,101,high,0
388,1516,5,yes,55,low,103.3,high,1
389,3146,3,yes,47,low,103.6,high,1
390,412,5,no,26,high,104,high,0
391,728,3,no,52,low,99.7,high,0
392,3348,3,yes,86,low,101.8,Low,1
393,2808,0,no,87,low,104.2,Low,1
394,675,0,yes,72,high,107.7,high,0
395,3465,2,yes,34,high,105.3,Low,1
396,2504,3,yes,50,low,107.2,high,1
397,2967,4,no,83,low,105.6,Low,1
398,2786,1,yes,36,high,103.9,Low,1
399,1122,2,no,80,high,99.9,Low,0
400,4079,0,yes,56,high,104.7,high,1
401,1571,5,no,7,low,104.2,high,1
402,2143,2,no,78,high,104,high,1
403,1687,2,no,19,low,102.9,Low,0
404,4132,2,yes,52,low,103.3,high,1
405,3851,2,yes,11,high,101.3,high,0
406,3440,1,yes,48,low,103.2,Low,1
407,3766,5,yes,16,low,100,Low,1
408,2326,5,yes,63,high,106.1,Low,1
409,2914,5,yes,41,low,99.9,Low,0
410,3952,3,no,28,low,98.8,high,1
411,595,4,yes,18,high,102.4,high,1
412,728,5,yes,10,high,104.6,high,1
413,1365,2,yes,49,high,102.4,high,0
414,698,2,no,70,high,100.8,high,0
415,395,5,yes,57,low,103.6,high,1
416,4171,5,no,33,high,101.5,Low,0
417,2502,2,yes,19,low,107.3,high,1
418,1819,3,yes,49,low,107.2,Low,0
419,717,0,yes,87,low,103,Low,0
420,2782,0,yes,9,high,101.3,Low,0
421,3577,5,no,31,low,105.4,Low,1
422,143,1,yes,51,low,98.4,high,0
423,3140,5,yes,14,high,102.7,high,1
424,2938,5,no,83,low,101.4,Low,1
425,3636,0,no,2,high,107.2,Low,0
426,3222,2,yes,36,low,98.1,Low,0
427,1167,5,no,39,low,103.5,high,1
428,2616,2,yes,71,low,105.4,Low,1
429,1062,2,no,39,low,102.9,Low,1
430,2156,1,no,55,high,98.9,high,1
431,2982,2,no,22,high,107.7,high,1
432,3294,0,yes,10,low,103.2,Low,0
433,1156,3,no,63,low,104.1,high,1
434,732,3,no,7,high,100.4,high,0
435,953,4,no,55,low,102.8,high,1
436,2539,5,no,59,high,102.3,Low,1
437,3324,0,yes,9,high,98.7,high,0
438,3301,2,no,38,low,99.1,high,0
439,1542,3,no,27,low,106.4,high,1
440,1191,0,no,48,low,100.4,high,0
441,2993,3,yes,35,low,99.9,high,1
442,2681,2,yes,12,high,103,high,1
443,1217,3,no,35,high,105.7,Low,0
444,1540,5,no,25,high,98.6,high,0
445,3236,5,no,85,high,103.8,high,1
446,2386,4,no,3,low,99.2,high,0
447,3719,4,yes,81,high,98.4,Low,1
448,1388,3,yes,63,high,98.5,Low,0
449,1856,0,yes,37,high,106.3,Low,0
450,1365,5,no,87,low,99.2,high,0
451,499,0,no,86,high,98.5,high,0
452,1680,0,no,21,low,102.4,Low,0
453,510,3,yes,1,high,106.4,Low,0
454,1324,0,yes,30,high,100.6,high,0
455,1155,5,yes,10,high,102.2,high,0
456,1827,2,yes,45,low,98.4,Low,0
457,3141,4,yes,61,low,102.5,high,1
458,3486,2,no,68,low,103.8,high,1
459,1810,0,yes,63,high,103.7,Low,0
460,2923,2,yes,9,low,101.3,high,1
461,2214,5,yes,39,high,101.2,Low,0
462,4186,5,no,23,high,99.1,Low,1
463,713,0,no,43,low,101.7,Low,0
464,3602,3,no,59,high,99,high,1
465,4134,2,no,61,high,105.7,Low,1
466,3522,3,no,86,high,107.7,Low,1
467,1243,3,yes,16,high,107.7,high,1
468,3709,1,yes,64,high,106.7,high,1
469,1081,0,yes,56,low,104,high,0
470,455,4,yes,54,low,105,high,1
471,894,5,yes,52,high,100.9,Low,0
472,1384,5,yes,55,low,104.3,Low,1
473,1958,0,no,8,high,102.6,high,0
474,3072,4,no,21,low,102.8,Low,1
475,1996,5,yes,12,low,105.6,Low,0
476,504,0,no,88,high,100.8,high,0
477,1214,5,no,47,low,101.2,high,0
478,1531,3,no,17,high,107.2,Low,1
479,3440,2,no,75,low,98.6,high,1
480,823,2,yes,39,high,102.9,high,0
481,928,5,no,16,low,107.1,high,0
482,133,1,yes,14,high,104.1,Low,0
483,2105,4,yes,14,low,103.5,high,1
484,3627,4,no,78,low,100.5,high,1
485,1852,4,yes,62,low,101.4,Low,1
486,4175,3,no,38,high,106.5,Low,1
487,2933,4,no,12,high,103.6,Low,1
488,3284,2,yes,80,low,103.1,high,1
489,2811,3,yes,31,high,99,high,0
490,1250,0,yes,8,high,98.2,high,0
491,3512,4,no,39,high,107.6,Low,1
492,1256,4,yes,19,high,101.8,high,0
493,3376,0,yes,89,low,104,Low,1
494,3486,4,no,90,low,98.8,high,1
495,3584,0,yes,84,high,104.8,Low,1
496,1396,3,no,81,low,107.3,high,1
497,3637,2,no,76,low,103.8,high,1
498,3330,0,yes,79,high,99.3,high,0
499,2703,1,yes,72,low,103.8,Low,1
500,470,0,yes,62,low,105.7,Low,1
501,1353,4,yes,75,low,102.1,Low,1
502,2783,3,no,43,high,106.8,high,1
503,2831,5,yes,37,high,104.5,high,1
504,357,3,yes,82,high,107,high,1
505,3019,5,yes,59,high,104.2,high,1
506,667,0,yes,70,low,99.3,high,0
507,1145,2,yes,47,low,101.1,high,0
508,4185,1,no,17,low,100,Low,0
509,3719,3,yes,15,high,107.1,high,1
510,2745,4,yes,54,high,105.6,Low,1
511,539,5,yes,38,high,104.8,Low,0
512,2779,4,no,67,high,101,Low,1
513,4136,2,no,58,high,99.8,high,1
514,3775,5,no,88,high,105.6,high,1
515,2508,3,yes,61,high,102.7,Low,1
516,2779,0,no,12,high,100.3,Low,0
517,924,4,yes,80,low,104.2,Low,1
518,2956,2,no,5,high,98.4,Low,1
519,1581,3,yes,82,low,101.3,Low,1
520,3324,3,yes,76,low,102.7,high,1
521,255,3,no,59,low,99.5,Low,1
522,1838,3,no,89,high,107.8,Low,1
523,1944,5,no,13,low,100.1,Low,0
524,9,3,yes,53,high,99.3,Low,0
525,2871,4,no,3,low,100,high,1
526,797,2,no,38,high,105.7,Low,0
527,1015,5,no,71,low,102.3,Low,1
528,1824,3,yes,24,high,103.7,Low,0
529,3136,1,yes,76,low,98.2,Low,1
530,2193,1,yes,31,low,98.3,high,0
531,223,2,yes,58,high,102.5,high,1
532,4158,0,no,62,high,106.2,high,1
533,3925,0,no,37,high,106.9,Low,1
534,4000,5,yes,52,high,98.9,Low,1
535,1633,5,no,66,low,103.4,high,1
536,2152,5,no,27,high,107.1,high,1
537,510,0,no,2,low,101.9,Low,0
538,384,1,yes,79,high,106.3,Low,1
539,404,0,yes,21,low,99.3,high,0
540,2000,4,yes,37,high,107.4,Low,1
541,2756,3,no,71,high,105.5,high,1
542,1668,5,yes,71,high,107.4,high,1
543,1460,1,yes,61,high,104.8,Low,1
544,3636,2,yes,56,high,101.6,high,1
545,2724,2,yes,5,high,107.4,Low,1
546,4178,3,no,77,low,100.8,Low,1
547,2048,1,yes,31,high,101.3,Low,0
548,4146,0,no,9,high,105,Low,0
549,716,0,yes,2,low,105.7,high,0
550,1823,4,no,58,low,107.3,high,1
551,2081,4,yes,75,low,100,high,1
552,3419,0,no,48,high,106,Low,0
553,1574,2,no,58,high,105.4,Low,1
554,249,5,no,30,low,98.6,Low,0
555,673,2,yes,68,low,101.9,high,1
556,2165,4,yes,61,low,100.8,high,1
557,770,3,yes,51,low,101,Low,0
558,3962,0,no,88,low,107.8,Low,1
559,1984,4,yes,40,high,104.4,Low,0
560,1077,4,no,30,low,105.2,Low,1
561,235,5,yes,84,high,107.8,Low,1
562,388,0,yes,83,low,101.8,Low,0
563,3037,5,yes,21,high,106,Low,1
564,1848,0,yes,3,low,102.3,Low,0
565,2814,5,no,12,low,106.7,high,1
566,3374,2,no,44,high,99.8,high,0
567,3278,3,yes,41,high,107.5,high,1
568,1252,3,no,48,high,100.2,high,0
569,3981,0,yes,19,high,101.3,high,0
570,2122,1,yes,76,high,105.6,Low,1
571,2150,4,no,80,high,101.9,Low,1
572,1329,4,no,53,low,104.1,Low,1
573,1358,0,no,35,high,102.4,high,0
574,2482,5,yes,0,high,105.4,Low,1
575,2017,1,yes,14,high,100.3,high,0
576,1331,2,yes,76,high,98.6,Low,1
577,1358,5,no,16,low,101,high,0
578,3177,5,yes,23,low,102.7,Low,1
579,2128,0,no,57,low,99.7,Low,0
580,2180,0,yes,71,high,101.5,Low,0
581,137,4,yes,90,low,102,Low,1
582,3472,0,yes,22,high,98.6,Low,0
583,2832,0,no,45,low,103.8,high,1
584,3579,0,no,71,low,106.8,Low,1
585,3031,4,no,7,low,99.5,Low,0
586,4164,2,yes,58,high,104,Low,1
587,2593,2,yes,89,low,104.6,high,1
588,3818,0,no,58,low,102.2,high,1
589,4138,4,no,12,low,105,Low,1
590,3823,2,yes,38,high,102.1,Low,1
591,4042,5,no,27,low,103,Low,1
592,1906,2,yes,88,low,98.1,high,0
593,760,2,yes,60,high,104.9,Low,1
594,3445,4,yes,15,low,104.6,Low,1
595,899,5,yes,1,low,98.4,Low,0
596,2947,4,yes,81,low,101.7,high,1
597,1719,0,yes,16,high,107.8,Low,0
598,280,3,yes,29,high,102.2,high,0
599,3266,2,yes,12,low,103,Low,1
600,1887,3,no,81,low,107.1,high,1
601,3266,4,no,12,low,105.2,high,1
602,666,4,yes,42,high,103.8,Low,1
603,4188,4,yes,84,low,106,Low,1
604,671,3,no,20,low,106.6,high,0
605,1969,4,yes,54,high,102.6,high,1
606,4156,0,yes,80,low,102.8,Low,1
607,3122,4,no,39,low,101.9,high,0
608,3900,1,yes,82,high,107.7,high,1
609,523,3,no,14,low,105,Low,0
610,2393,1,yes,72,low,98.8,Low,1
611,3117,4,no,51,low,106.6,high,1
612,2593,0,no,73,high,102.8,high,1
613,1968,2,no,52,high,98.7,high,1
614,1753,5,no,86,high,103.5,high,1
615,2296,5,no,51,high,102.2,high,1
616,2261,4,no,29,low,106.8,Low,1
617,2286,0,yes,32,high,100,high,0
618,2878,3,yes,56,low,106.3,high,1
619,4143,1,yes,51,high,103.6,Low,1
620,3644,1,no,8,high,98.5,Low,0
621,2055,1,no,53,high,107.7,high,1
622,1276,3,yes,0,low,103.1,high,0
623,2766,5,yes,43,high,100.9,Low,0
624,302,0,yes,74,high,102.7,Low,0
625,638,3,no,79,high,106.6,high,1
626,55,1,yes,8,low,101,Low,0
627,525,4,yes,31,low,99.9,Low,0
628,4123,2,no,14,low,99.3,high,1
629,2125,3,no,11,high,101,high,1
630,3287,3,yes,77,low,105.8,Low,1
631,364,0,yes,56,low,102.7,high,0
632,1646,0,yes,7,high,100.3,Low,0
633,918,3,yes,71,low,99.7,Low,1
634,2797,1,yes,26,low,101.3,Low,0
635,1531,2,no,61,high,107.4,Low,1
636,3345,0,no,11,low,101.4,Low,0
637,1906,1,no,64,low,107.9,Low,1
638,3086,4,yes,41,low,102.9,high,1
639,2075,0,no,61,high,99.8,high,1
640,713,1,no,10,high,106.9,Low,0
641,1062,1,no,42,high,102.6,Low,0
642,1976,2,no,16,low,105.1,high,0
643,1296,2,no,31,high,107.8,Low,0
644,125,4,no,84,low,98.5,Low,1
645,3596,1,yes,84,low,99,high,1
646,3283,5,yes,39,high,105.2,high,1
647,1603,1,yes,22,low,100.8,Low,0
648,66,2,no,55,low,99.8,Low,0
649,232,5,yes,5,high,98.4,high,0
650,2156,0,no,85,high,98.2,high,1
651,1169,0,no,49,high,105.7,Low,0
652,2158,3,no,36,high,99.3,Low,0
653,1493,2,yes,63,low,102.7,Low,1
654,4007,3,no,53,high,104.1,Low,1
655,2472,5,no,71,low,102.3,Low,1
656,2660,2,yes,48,high,98.3,high,0
657,2739,4,no,10,high,105.8,high,1
658,1761,1,yes,87,high,98.1,Low,0
659,3514,4,no,48,high,105.6,Low,1
660,1975,5,yes,20,low,106.9,high,0
661,2362,2,no,65,low,102.3,high,1
662,876,5,no,62,low,103.4,high,1
663,3812,1,no,82,high,102.8,high,1
664,3448,0,no,27,high,101.9,Low,0
665,1312,0,no,16,high,106.9,high,0
666,1460,5,no,5,low,106.9,Low,0
667,2709,3,no,18,high,101.4,high,0
668,2324,2,no,55,high,104.2,Low,1
669,1733,2,no,27,low,107.3,high,0
670,1605,0,no,65,high,107.6,high,0
671,2563,4,yes,37,high,103.1,high,1
672,3421,1,no,36,low,102.5,high,1
673,3517,4,yes,67,low,100.8,high,1
674,2397,4,no,85,high,107.6,Low,1
675,3735,5,yes,89,high,99.4,high,1
676,2870,0,no,48,high,103.8,Low,1
677,1160,0,no,42,high,100.8,high,0
678,242,0,yes,35,high,100.8,high,0
679,2590,5,yes,57,low,102,Low,1
680,1063,3,no,12,low,108,Low,0
681,2595,4,yes,51,low,98.5,Low,1
682,919,5,no,57,high,103.8,high,1
683,5,2,no,31,high,98.8,Low,0
684,467,1,no,80,low,99.5,high,0
685,4170,3,no,59,high,102.4,Low,1
686,3,2,yes,82,high,103.1,high,1
687,645,4,no,57,high,100.6,high,1
688,117,0,yes,55,low,101.2,high,0
689,2928,4,yes,27,low,98.9,Low,1
690,2551,5,no,0,low,101,high,1
691,846,1,yes,41,low,107.7,high,0
692,2762,5,yes,81,high,107.4,high,1
693,1141,3,no,47,low,101.3,high,0
694,1810,3,no,39,low,103.7,high,1
695,723,1,yes,62,high,107.1,high,1
696,224,2,no,75,low,98.1,Low,1
697,2048,2,no,71,low,106.1,high,1
698,1573,3,no,87,high,107.5,Low,1
699,1828,3,no,79,high,98.9,Low,1
700,1917,0,yes,3,low,99.6,Low,0
701,2026,2,no,37,high,107.6,high,1
702,3744,1,no,26,low,103.4,Low,1
703,901,2,yes,8,low,98.1,Low,0
704,2039,0,yes,15,high,100.6,Low,0
705,9,5,yes,55,low,102.5,Low,1
706,260,3,no,75,high,104.9,Low,1
707,1673,3,no,30,low,105.3,Low,0
708,2219,0,no,87,high,108,Low,1
709,2060,1,yes,13,high,100.9,high,0
710,3713,3,no,24,low,103.4,high,1
711,1619,4,no,33,high,103.3,Low,0
712,320,3,yes,66,low,102.1,high,1
713,1342,4,yes,23,low,99.7,Low,0
714,2376,0,yes,72,low,107.8,high,1
715,2832,0,yes,25,high,106.5,Low,0
716,2824,3,yes,19,low,103,high,1
717,1994,2,no,63,high,104,high,1
718,2958,4,no,9,low,100.3,high,0
719,2038,1,yes,82,high,103.4,high,1
720,3490,3,yes,66,low,104.9,Low,1
721,3677,1,yes,23,low,103.2,Low,1
722,1118,3,yes,4,low,107.9,Low,1
723,1604,2,no,66,high,104.1,high,1
724,4027,2,yes,57,high,101.7,Low,1
725,235,2,no,26,low,105.7,high,1
726,1969,5,no,79,high,99.7,high,1
727,1908,2,no,14,low,101.8,Low,0
728,375,0,yes,34,low,101.5,high,0
729,3530,0,no,75,low,102.3,Low,1
730,2635,5,yes,52,low,105.8,high,1
731,1570,4,yes,43,high,102.8,high,1
732,2560,1,no,25,high,105.9,high,1
733,3391,3,no,46,high,103.8,high,1
734,2965,3,no,33,high,101.4,Low,0
735,3643,5,no,86,low,106.1,high,1
736,3850,0,no,49,high,100.4,high,0
737,872,3,yes,83,high,100.2,Low,0
738,1252,0,yes,11,low,103,Low,0
739,1314,4,no,86,high,100.6,Low,0
740,2898,1,no,3,high,98.1,high,0
741,77,4,no,86,low,104.5,Low,1
742,2621,5,no,47,low,103.1,high,1
743,600,2,no,54,low,102.5,high,1
744,1065,2,no,0,high,107.7,high,0
745,2136,2,no,88,high,103.7,high,1
746,2449,4,no,65,high,106.6,Low,1
747,2343,3,yes,29,high,99.4,high,1
748,1863,1,yes,2,high,103.7,Low,1
749,1318,2,no,20,high,106.7,Low,0
750,3597,5,no,88,low,103.8,Low,1
751,3762,5,no,83,high,105.2,high,1
752,2190,2,yes,48,high,101.7,high,0
753,992,2,yes,85,low,98.9,high,1
754,2712,1,yes,84,high,102.6,Low,1
755,2192,2,yes,61,low,101.9,high,1
756,1248,1,no,37,low,106.7,high,0
757,3054,5,no,14,low,100.4,high,0
758,4033,2,yes,51,low,107.7,Low,1
759,1997,4,yes,78,high,107.6,high,1
760,3687,4,yes,45,high,100.5,high,0
761,2151,5,no,24,low,101.5,high,0
762,4018,1,yes,20,high,107,high,1
763,3110,4,no,87,high,107.7,high,1
764,1970,1,yes,4,low,102.4,high,0
765,197,4,no,69,low,101.2,Low,1
766,2626,4,no,46,high,103.3,high,1
767,1202,1,yes,86,low,104.9,high,1
768,2035,3,no,67,low,100.7,Low,1
769,477,4,yes,90,high,105.4,high,1
770,1254,2,no,17,low,98.5,high,0
771,922,5,yes,20,low,98.5,Low,0
772,419,3,no,85,high,101.9,high,0
773,2204,1,yes,22,low,101.5,high,1
774,2597,3,yes,63,low,101.2,high,1
775,1120,0,no,66,high,102.9,high,0
776,3068,0,yes,39,high,101.2,high,0
777,950,4,no,9,low,99.9,Low,0
778,2336,4,yes,88,high,101.1,high,1
779,2243,2,yes,51,high,107.7,high,1
780,2645,5,yes,71,high,102.1,Low,1
781,1857,3,yes,74,low,102.4,high,1
782,1865,0,yes,60,high,103.8,high,0
783,2912,4,yes,63,high,107.8,Low,1
784,2853,5,no,4,high,100.4,Low,0
785,3228,3,yes,52,low,104.8,high,1
786,3719,4,yes,54,low,105.2,high,1
787,3228,4,no,36,high,104.1,high,1
788,2371,0,yes,55,high,98.9,Low,0
789,2891,0,no,58,low,104.8,Low,1
790,3756,4,no,68,low,98.6,high,1
791,94,1,yes,72,high,104,Low,1
792,2674,4,no,58,high,105.4,high,1
793,1955,5,yes,1,high,100.1,Low,0
794,793,4,no,64,high,106.4,high,1
795,1834,2,no,59,low,98.3,high,0
796,2116,2,no,50,low,106.4,Low,1
797,4106,2,no,29,high,102.6,high,1
798,3325,1,no,10,low,100.2,high,0
799,2919,1,yes,75,low,99.3,Low,1
800,2597,4,yes,38,high,107.5,Low,1
801,3205,2,no,89,high,98.7,Low,1
802,814,1,no,76,high,100,Low,0
803,345,0,yes,71,low,101.5,high,0
804,2349,4,yes,62,low,104.2,Low,1
805,362,5,no,63,high,103.4,high,1
806,2443,3,yes,60,high,99.3,high,1
807,2265,4,no,53,low,100.9,Low,1
808,2188,3,no,72,high,100.4,high,1
809,3005,2,no,57,low,100.1,high,1
810,3281,3,yes,84,high,102.1,high,1
811,984,2,no,55,low,105,high,1
812,1639,0,yes,33,low,100.2,Low,0
813,827,3,yes,30,high,101.7,high,0
814,2730,4,no,51,high,101.9,high,1
815,3531,2,yes,88,low,107.8,high,1
816,2935,4,yes,75,low,107.5,high,1
817,3876,1,yes,0,high,106,Low,1
818,126,2,yes,54,high,100.4,Low,0
819,3177,3,no,21,high,98.7,high,0
820,3056,2,yes,39,high,101.2,high,1
821,603,4,yes,0,high,100.7,Low,0
822,3449,0,yes,64,low,103.1,Low,1
823,4146,2,no,62,high,105.8,Low,1
824,3533,3,yes,53,low,106.6,Low,1
825,3367,1,no,41,high,106.4,Low,1
826,3368,5,no,20,low,101.6,Low,0
827,3797,0,no,78,low,104.9,high,1
828,1792,1,yes,80,low,101.1,Low,0
829,2861,2,yes,21,low,98.6,Low,1
830,3476,4,yes,37,low,105,Low,1
831,3417,4,no,79,high,98.1,Low,1
832,1645,3,yes,7,low,102.1,high,1
833,1205,4,yes,61,high,101.3,high,0
834,3030,0,yes,46,low,104.9,high,1
835,2872,4,yes,16,high,105.7,high,1
836,3072,3,yes,16,high,101,Low,0
837,1854,5,yes,89,high,106.1,Low,1
838,4021,2,no,12,low,100.9,high,0
839,2708,2,yes,16,low,102.5,Low,1
840,3502,4,no,37,high,105.3,high,1
841,1332,1,yes,80,high,104.9,high,1
842,201,2,no,77,low,107.9,high,1
843,3507,5,no,44,high,100.3,Low,0
844,574,4,yes,5,low,104.6,high,1
845,536,3,yes,34,low,104.1,Low,0
846,1625,5,yes,13,low,107.2,high,0
847,2122,4,no,71,high,99.6,high,1
848,385,5,no,60,high,105.5,high,1
849,3281,2,no,14,low,103.7,Low,1
850,474,3,yes,53,low,100.7,high,0
851,417,4,no,26,high,102.7,Low,0
852,3600,0,no,12,high,101.3,Low,0
853,954,3,no,30,low,103.8,Low,0
854,1205,0,no,34,high,106.9,Low,0
855,4120,5,no,59,low,103.7,Low,1
856,1990,1,yes,5,high,104.3,high,0
857,3572,3,yes,68,low,103.2,Low,1
858,4158,5,yes,85,low,98.5,high,1
859,2713,0,yes,57,low,100.3,high,0
860,2203,2,yes,48,low,102.9,Low,1
861,3120,2,yes,22,low,101.1,high,0
862,966,1,yes,88,low,99.8,Low,0
863,3432,3,no,33,high,103,Low,1
864,688,3,no,25,high,101.2,Low,0
865,3701,3,no,46,low,100.6,high,0
866,341,5,no,4,high,102.6,Low,1
867,1724,1,no,89,high,99.3,high,1
868,1792,3,yes,19,low,107.3,high,0
869,1759,5,no,5,low,106.7,Low,0
870,3212,2,no,69,high,105.1,high,1
871,989,0,yes,58,low,99.1,Low,0
872,2262,5,yes,63,high,105.8,Low,1
873,2482,2,yes,17,high,106.1,Low,1
874,951,2,yes,3,low,105.7,high,0
875,722,0,yes,16,low,99.1,Low,0
876,3389,2,no,13,low,104.4,Low,1
877,2079,1,no,77,high,106.3,high,1
878,2717,0,yes,12,low,103.8,Low,0
879,2332,2,no,6,low,104.5,high,1
880,3376,4,yes,43,low,102.6,Low,1
881,1500,5,no,14,low,103.3,high,1
882,285,2,yes,18,high,98.3,high,0
883,3495,1,no,62,low,104.4,Low,1
884,2065,3,yes,34,high,98.8,high,0
885,768,2,yes,80,low,102.4,high,1
886,3057,3,yes,34,low,100.9,Low,1
887,2161,4,yes,18,high,103.5,high,1
888,3293,2,yes,19,low,99.3,Low,0
889,946,0,yes,34,low,104.9,high,0
890,3335,3,yes,31,high,106,high,1
891,4150,4,no,47,high,99.6,Low,0
892,1481,0,yes,43,high,99,Low,0
893,1901,0,yes,23,low,99.5,Low,0
894,3451,0,no,60,low,106.8,Low,1
895,4064,0,no,16,low,103.3,Low,0
896,54,2,no,70,high,102.7,Low,1
897,1823,5,yes,49,high,99.1,high,0
898,3462,2,yes,64,high,104.5,high,1
899,3079,2,yes,31,low,106.7,high,1
900,832,4,no,35,high,106.3,high,0
901,2806,4,yes,12,high,104.3,high,1
902,2490,5,yes,69,high,98.8,high,1
903,327,4,yes,57,low,99.1,Low,0
904,3310,1,no,13,high,98.5,Low,0
905,3300,5,yes,36,high,100.6,high,1
906,3675,4,no,78,high,99.4,high,1
907,3054,5,no,67,high,100.6,high,1
908,2143,2,yes,39,low,101.9,high,1
909,1311,2,yes,58,high,107.4,high,1
910,3191,5,no,79,high,104.1,Low,1
911,2538,1,no,15,low,106.3,high,1
912,3983,1,no,61,low,105.1,high,1
913,164,5,no,3,high,99.1,high,0
914,822,4,no,44,low,105.4,high,0
915,943,3,no,89,high,100.8,high,0
916,774,1,yes,27,low,104.4,Low,0
917,2198,0,yes,65,high,101.4,high,0
918,3156,2,no,30,high,108,Low,1
919,3695,5,no,2,low,100.6,Low,0
920,3452,0,no,7,low,100.8,Low,0
921,914,5,yes,23,low,107.3,high,0
922,1308,2,no,14,low,98.2,Low,0
923,4177,2,yes,42,low,105,Low,1
924,513,1,yes,30,high,105.3,Low,0
925,1920,1,yes,72,high,106.4,Low,1
926,3594,0,yes,44,low,107.7,Low,1
927,1409,5,yes,65,high,107.8,Low,1
928,3190,2,yes,7,high,98.7,high,1
929,1555,0,yes,70,low,106.2,high,0
930,804,3,no,56,high,104.5,Low,1
931,1279,0,yes,79,high,104.5,high,1
932,3577,4,no,29,high,99.3,Low,1
933,2901,0,no,73,high,104.5,Low,1
934,1387,4,no,17,low,107.8,high,1
935,2761,4,yes,68,low,107.1,Low,1
936,2679,4,yes,38,high,102.4,Low,1
937,2106,3,no,59,high,98.4,Low,1
938,2768,0,no,42,low,101.6,Low,0
939,3953,0,no,44,low,106.3,Low,0
940,3186,3,yes,22,high,105,Low,1
941,3280,2,no,68,high,102.6,Low,1
942,2573,1,no,5,high,98.6,high,0
943,2599,0,yes,55,low,102.3,Low,1
944,4033,1,no,3,low,102.7,high,1
945,236,5,no,22,low,107.3,high,0
946,1304,5,no,5,high,104.4,high,0
947,3430,3,no,31,high,101.1,high,0
948,1301,5,no,17,high,103.3,Low,0
949,2541,5,no,14,high,98.7,Low,1
950,2051,2,no,39,high,107.7,Low,1
951,441,2,yes,72,low,101.6,Low,1
952,2076,2,yes,73,high,102.8,high,1
953,3180,5,no,83,high,101.6,Low,1
954,2657,3,no,5,high,104.8,Low,1
955,3798,4,yes,62,high,104.6,high,1
956,804,4,no,66,low,105.2,Low,1
957,74,1,no,10,low,100.7,Low,0
958,2175,4,no,42,high,101.2,high,0
959,3924,4,yes,16,high,99.3,Low,0
960,2089,2,yes,3,low,104.6,high,1
961,40,2,no,62,low,98.4,Low,0
962,2081,5,yes,67,low,104,high,1
963,1622,1,no,80,high,106.7,Low,1
964,341,0,yes,40,low,106.9,high,0
965,4052,1,no,82,high,102.5,high,1
966,2074,1,no,4,high,102.6,high,1
967,645,3,yes,31,high,98.8,Low,0
968,609,5,yes,85,high,104.7,Low,1
969,454,3,yes,69,high,106.2,Low,1
970,2953,1,no,34,low,100.4,high,0
971,1708,1,yes,21,high,102.2,high,0
972,3472,1,yes,64,low,106.4,Low,1
973,2969,4,yes,83,low,106.8,Low,1
974,3028,3,no,21,high,100.4,high,1
975,2681,1,no,10,high,103.5,high,1
976,3629,2,no,76,high,99.9,high,1
977,3067,5,yes,2,high,99,Low,1
978,1386,5,no,8,low,107.1,high,1
979,3776,2,yes,59,high,106.2,Low,1
980,2866,5,yes,75,high,105.6,Low,1
981,3363,4,yes,86,low,98.5,high,1
982,4124,4,no,13,high,106.4,Low,1
983,148,0,no,17,low,102.4,Low,0
984,3850,0,no,72,low,101.4,high,1
985,2058,0,yes,22,low,103.5,high,0
986,1136,5,yes,73,high,98.9,Low,1
987,186,4,yes,82,low,105.6,high,1
988,2854,4,no,46,low,103.8,high,1
989,1250,4,yes,68,low,99.9,Low,1
990,1333,2,no,46,high,99.9,Low,0
991,4193,4,no,86,low,99.8,high,1
992,4150,2,yes,29,high,98.6,high,0
993,2711,0,no,24,low,103.9,Low,0
994,1785,0,yes,27,low,106.4,high,0
995,750,5,yes,24,low,98.2,high,0
996,1762,0,yes,73,low,98.5,Low,0
997,3920,5,yes,77,high,103.7,Low,1
998,481,1,no,57,high,106.2,high,1
999,153,1,no,40,high,101.3,high,0
1000,1524,3,no,24,low,101.5,high,0
1001,2120,5,no,77,high,104,Low,1
1002,2343,3,no,47,low,100.7,high,1
1003,1240,3,yes,9,high,98.3,high,0
1004,60,1,yes,74,high,105.4,high,1
1005,938,5,yes,10,high,104.3,high,1
1006,1639,1,no,84,low,103.8,high,1
1007,4120,3,no,20,low,105.4,high,1
1008,3569,5,no,85,high,104.8,high,1
1009,1252,3,no,44,high,100.1,Low,0
1010,171,4,yes,6,low,101.5,high,0
1011,1458,5,yes,80,high,99.3,high,0
1012,3549,5,no,63,low,99.3,Low,1
1013,4197,3,no,63,high,104.8,high,1
1014,2322,4,no,1,high,106.6,high,1
1015,1636,2,no,75,low,107.6,Low,1
1016,3115,1,yes,41,low,104.3,Low,1
1017,4090,3,yes,81,high,99.8,high,1
1018,3004,5,yes,53,high,99.1,high,1
1019,329,1,no,74,low,106.1,Low,1
1020,3640,1,no,15,low,103.8,high,1
1021,3894,1,no,17,low,104.2,Low,1
1022,4107,2,yes,58,high,105.8,Low,1
1023,1341,0,yes,89,low,105,high,0
1024,3663,3,yes,15,low,106.3,high,1
1025,215,0,yes,5,low,98.6,Low,0
1026,338,0,yes,56,high,105.5,Low,0
1027,4062,0,yes,46,high,106.5,Low,0
1028,2708,1,no,47,high,100.9,Low,0
1029,3152,4,no,41,high,104.4,Low,1
1030,1750,1,yes,75,low,101.1,Low,0
1031,2421,1,yes,59,low,107.6,Low,1
1032,709,5,yes,76,high,98.3,high,0
1033,3726,5,yes,3,high,103.8,high,1
1034,3642,0,yes,1,low,99.7,Low,0
1035,3993,1,yes,89,low,105.1,Low,1
1036,488,0,yes,58,high,99.8,Low,0
1037,46,5,no,26,low,100.4,high,0
1038,3359,4,no,26,low,102.9,high,1
1039,400,3,yes,78,low,107.1,high,1
1040,3990,0,yes,71,low,100.1,high,0
1041,3157,4,no,6,high,99.4,Low,1
1042,390,3,yes,62,high,105.6,high,1
1043,3853,2,yes,45,high,103,Low,1
1044,628,0,yes,62,high,107.1,Low,0
1045,2930,0,no,11,high,99.5,high,0
1046,1521,2,yes,12,high,104.5,Low,0
1047,826,2,no,42,high,100.3,high,0
1048,1500,0,no,16,low,99.6,Low,0
1049,3294,2,no,62,high,104.8,Low,1
1050,2419,1,no,80,low,103.9,Low,1
1051,934,3,no,35,high,105.5,Low,1
1052,3042,3,yes,84,high,101.1,high,1
1053,1466,3,yes,7,high,102.5,Low,0
1054,3561,1,yes,68,low,102.1,Low,1
1055,614,2,yes,89,low,107.8,Low,1
1056,1182,4,yes,79,low,100.9,high,1
1057,3223,2,no,35,high,100.9,high,0
1058,2667,0,no,27,low,101.5,high,0
1059,130,5,no,46,low,103.6,Low,0
1060,2983,3,no,75,low,100.5,high,1
1061,38,2,yes,29,low,107.2,Low,0
1062,3959,4,no,22,high,100.7,Low,0
1063,3587,0,no,15,high,107,Low,1
1064,920,1,no,13,low,99,high,0
1065,2769,1,yes,73,high,104.6,Low,1
1066,4111,4,yes,70,low,107.1,high,1
1067,492,0,no,51,low,99.7,Low,0
1068,1131,3,yes,36,high,107.7,high,0
1069,3521,2,no,28,high,102.5,Low,1
1070,310,0,no,66,high,107.5,Low,0
1071,738,1,yes,14,low,104.8,Low,0
1072,3241,4,no,46,low,101,high,0
1073,545,4,no,45,low,99.9,Low,0
1074,2461,2,no,51,high,101,high,1
1075,1804,4,yes,18,low,98.9,high,0
1076,3212,4,yes,76,low,99.4,Low,1
1077,3810,0,no,20,low,99,high,0
1078,813,3,no,63,low,102.2,high,1
1079,4124,2,no,36,high,106,high,1
1080,2032,0,yes,26,high,99.4,high,0
1081,244,3,no,54,high,99.3,high,0
1082,271,0,yes,28,high,104.4,high,0
1083,3511,5,no,19,low,100,high,0
1084,1771,0,yes,24,low,99,high,0
1085,1262,4,no,69,high,99.7,Low,1
1086,2424,3,no,62,high,107.2,Low,1
1087,920,2,no,35,high,106.2,high,0
1088,3430,2,no,1,low,101.5,Low,0
1089,2624,3,yes,21,low,104.6,Low,1
1090,3760,4,yes,15,low,103.4,Low,1
1091,2050,1,no,17,low,104.8,Low,1
1092,3500,0,no,68,low,104.8,Low,1
1093,1165,4,no,53,high,104.3,high,1
1094,375,5,no,29,low,100.7,Low,0
1095,2033,3,yes,44,low,98.4,high,0
1096,145,0,no,18,high,102.6,Low,0
1097,431,2,yes,86,high,106.9,high,1
1098,704,1,no,33,high,103.7,high,1
1099,2632,5,yes,12,high,106.3,high,1
1100,963,2,no,42,high,107.9,Low,1
1101,2234,3,yes,61,high,99.6,high,1
1102,2041,0,yes,21,low,104.9,high,0
1103,1828,3,yes,51,low,104.7,high,1
1104,2108,0,no,51,high,107.8,Low,1
1105,4068,4,no,35,high,107.9,Low,1
1106,938,1,yes,72,high,104.9,high,1
1107,806,4,yes,18,low,100.4,high,0
1108,1463,4,no,37,low,106,Low,0
1109,3415,3,no,69,high,99.1,Low,1
1110,10,1,no,78,high,105.8,Low,1
1111,1868,0,no,56,high,107.1,high,0
1112,884,0,yes,19,high,101.8,high,0
1113,3564,5,yes,8,high,104.3,high,1
1114,1389,2,yes,31,high,102.3,high,0
1115,3401,5,no,3,high,102.4,Low,1
1116,824,5,yes,49,high,101.1,high,0
1117,2265,0,yes,81,high,105.6,Low,1
1118,936,3,yes,4,high,107.4,high,0
1119,2800,4,yes,19,low,107.4,Low,1
1120,2553,4,yes,86,high,99.7,high,1
1121,3845,4,no,74,low,106.7,Low,1
1122,1796,1,yes,36,low,105.4,Low,0
1123,53,0,no,21,high,100.5,Low,0
1124,726,3,yes,57,low,98.7,high,1
1125,2736,1,no,67,low,100.7,high,1
1126,3170,2,no,43,low,107.1,Low,1
1127,1913,3,yes,33,low,104.3,high,0
1128,1596,5,no,76,high,105.2,Low,1
1129,1914,3,yes,41,low,100.6,Low,0
1130,2466,3,no,8,low,105.2,Low,1
1131,2737,4,no,6,low,98.3,high,1
1132,849,3,yes,67,low,101.8,high,0
1133,2109,5,yes,18,low,104.3,Low,1
1134,2,5,yes,30,high,99.5,high,0
1135,4069,0,no,34,low,106.2,high,0
1136,892,3,yes,56,low,100.4,high,0
1137,2030,4,no,84,low,104.5,high,1
1138,3160,3,yes,60,low,102.1,Low,1
1139,2376,2,no,30,high,104,high,1
1140,1933,2,no,82,low,99.1,high,0
1141,1380,4,no,52,high,98.2,high,0
1142,3681,0,no,31,high,107.1,high,0
1143,1290,0,no,65,high,100.7,Low,0
1144,1640,5,no,58,low,106.2,high,1
1145,2682,5,no,9,low,108,high,1
1146,987,1,yes,1,low,100.1,Low,0
1147,1218,4,yes,65,high,100.7,Low,1
1148,1355,3,no,59,low,104.6,high,1
1149,4135,4,no,87,low,107.7,Low,1
1150,1560,1,yes,16,low,107.2,Low,0
1151,1418,5,no,15,high,103,Low,1
1152,954,4,no,15,low,106,high,0
1153,983,4,yes,45,high,99.4,Low,0
1154,974,5,no,38,low,107.8,Low,1
1155,4133,1,no,30,high,107.6,high,1
1156,3972,5,yes,87,low,99.6,high,1
1157,913,0,no,0,high,101,high,0
1158,36,3,yes,10,high,99,high,0
1159,3387,5,no,84,low,100.7,high,1
1160,1711,1,yes,3,high,106.2,Low,1
1161,3020,2,no,70,low,101.8,Low,1
1162,795,0,yes,25,high,98.9,Low,0
1163,4036,2,yes,49,low,101.4,Low,0
1164,3111,5,yes,11,high,107.8,Low,1
1165,1324,0,no,80,high,104.3,high,0
1166,317,3,yes,74,low,102.2,high,1
1167,2396,5,no,64,high,99.7,Low,1
1168,2162,3,yes,46,high,107.9,high,1
1169,2745,4,no,52,low,106.2,high,1
1170,1591,2,no,70,high,100.8,Low,0
1171,3111,0,no,1,high,98.7,high,0
1172,3930,3,no,23,high,98.6,Low,1
1173,1996,1,yes,3,high,99.2,high,0
1174,1312,3,yes,18,high,103.8,Low,0
1175,1285,1,yes,25,low,107.3,high,1
1176,2383,5,no,74,high,103,high,1
1177,3239,0,no,39,high,106.4,Low,0
1178,2139,3,yes,49,high,102.5,high,1
1179,1704,3,yes,42,low,105.1,high,0
1180,362,0,yes,74,high,105.3,high,0
1181,2604,3,no,66,high,99.7,Low,1
1182,1716,1,yes,11,low,101.6,high,0
1183,3738,3,no,66,high,104.4,high,1
1184,2469,2,no,26,low,98.7,Low,0
1185,556,5,yes,53,low,101.6,Low,0
1186,825,4,no,65,high,103.3,Low,1
1187,2808,1,no,48,low,108,high,1
1188,2719,2,yes,15,high,102.7,high,1
1189,3508,5,yes,1,low,106.2,high,1
1190,3741,0,yes,59,high,102.3,high,1
1191,1574,1,yes,53,high,106,high,1
1192,3998,4,yes,29,high,104,Low,1
1193,2129,5,yes,83,low,106.9,Low,1
1194,2403,4,yes,37,low,102.1,high,1
1195,3329,0,yes,27,low,104,Low,0
1196,588,0,no,24,high,104.3,high,0
1197,2012,1,yes,9,high,102.2,high,1
1198,1547,3,no,59,low,99.4,high,0
1199,294,0,no,41,high,98.9,high,0
1200,1985,5,yes,39,low,98.2,high,0
1201,3117,3,no,76,low,106.7,Low,1
1202,1690,2,yes,41,high,100.4,high,0
1203,1136,4,no,46,low,100.1,high,0
1204,2064,3,no,36,low,105.4,high,1
1205,1007,4,no,79,high,101.2,high,0
1206,2514,3,no,21,high,103.1,Low,1
1207,3526,2,yes,56,high,99.6,Low,1
1208,1247,0,yes,83,low,107.6,high,0
1209,3902,2,yes,26,high,106.5,Low,1
1210,1435,0,yes,40,low,106.6,high,0
1211,571,0,no,79,high,102.1,high,1
1212,2382,4,no,33,high,105.6,Low,1
1213,1245,5,no,31,high,99.4,Low,0
1214,2084,2,yes,89,high,98.1,Low,1
1215,277,3,no,88,low,98.2,Low,0
1216,1887,2,yes,65,low,103.9,high,1
1217,1265,4,no,11,high,102.6,Low,0
1218,1040,0,no,39,low,103.2,Low,0
1219,917,4,no,72,high,98.1,Low,0
1220,885,1,yes,75,high,102.2,Low,1
1221,2752,1,yes,89,high,105.2,high,1
1222,21,3,yes,72,low,102.4,high,1
1223,3191,4,no,9,high,105.3,high,1
1224,2353,3,yes,47,high,100.3,high,1
1225,686,3,no,19,high,106.1,high,1
1226,284,1,yes,38,high,103.9,high,0
1227,3747,3,yes,59,low,100.1,Low,1
1228,762,1,yes,65,low,100.4,high,0
1229,2428,0,yes,64,high,104.3,Low,1
1230,2507,4,yes,50,low,106.3,Low,1
1231,28,3,yes,35,low,102.2,high,1
1232,906,1,no,23,high,100.6,Low,0
1233,3104,2,yes,26,low,106.7,Low,1
1234,3999,3,yes,1,high,104.7,high,1
1235,2994,5,no,30,low,102.5,high,1
1236,2506,0,yes,56,low,102.9,high,1
1237,3609,0,yes,77,low,100,high,0
1238,3553,2,yes,65,high,104.3,high,1
1239,1453,1,yes,28,low,101.6,Low,0
1240,3356,3,no,14,low,108,high,1
1241,515,1,no,11,low,102.8,Low,0
1242,38,0,no,27,high,102.9,high,0
1243,3342,1,no,83,low,103.7,Low,1
1244,886,0,no,23,low,107.2,Low,0
1245,2844,1,no,20,low,106,Low,1
1246,2204,2,no,9,high,102.5,Low,1
1247,1098,4,no,77,high,105.2,Low,1
1248,1823,2,yes,17,low,103.9,Low,0
1249,3201,2,no,87,high,102.9,Low,1
1250,3155,4,no,13,low,99.9,high,1
1251,3093,4,yes,33,low,102.6,Low,1
1252,3530,3,yes,57,high,100.5,high,1
1253,3778,3,no,75,high,107.1,Low,1
1254,2896,2,yes,21,low,101.4,Low,1
1255,3453,2,no,69,high,107.5,high,1
1256,3511,0,no,35,low,103.3,Low,0
1257,988,0,no,44,low,104.3,Low,0
1258,4116,3,no,35,high,103.4,Low,1
1259,4026,5,no,21,low,99.3,Low,1
1260,4179,5,yes,77,high,101.8,Low,1
1261,1682,3,no,79,high,99,high,1
1262,3963,0,yes,60,low,104.2,high,1
1263,933,0,no,55,high,102.5,Low,0
1264,3598,5,no,88,high,105.8,high,1
1265,3233,1,no,32,high,100.2,high,0
1266,1980,1,no,44,high,99.6,Low,0
1267,1855,0,yes,35,low,102.1,Low,0
1268,3056,1,no,19,high,107.3,Low,1
1269,792,4,yes,17,low,105.1,high,1
1270,791,3,yes,37,low,102.2,Low,1
1271,1809,3,no,66,high,103.2,high,1
1272,2255,0,no,22,high,98.8,Low,0
1273,3610,2,yes,15,high,107.8,Low,1
1274,1607,5,no,58,low,104.7,Low,1
1275,984,0,no,68,high,100.9,Low,0
1276,3676,1,yes,67,low,103.9,Low,1
1277,3380,5,yes,20,low,99.1,Low,1
1278,519,2,no,77,high,107.7,high,1
1279,590,1,yes,77,high,99.7,Low,1
1280,1050,4,no,69,low,104.5,high,1
1281,3633,1,no,11,high,100.5,Low,0
1282,959,4,no,15,low,105.2,high,0
1283,692,5,no,80,high,105.8,Low,1
1284,3899,4,no,86,low,104.7,Low,1
1285,2946,5,yes,13,high,104.1,high,1
1286,526,5,no,60,high,106.9,Low,1
1287,3224,5,yes,70,high,98.8,Low,1
1288,2253,5,no,45,low,101.3,Low,0
1289,3344,5,yes,31,low,100.5,Low,0
1290,3965,1,no,14,low,107.9,Low,1
1291,1875,5,no,43,high,101.9,high,0
1292,1763,1,yes,16,high,105.3,Low,0
1293,520,5,yes,40,low,104.8,high,1
1294,1016,4,yes,53,low,100.1,high,0
1295,116,5,no,43,low,100.4,high,0
1296,2433,2,no,4,low,100.8,high,0
1297,583,5,yes,26,high,102.1,high,0
1298,394,5,no,86,high,100.3,Low,1
1299,3788,4,yes,77,high,98.2,high,1
1300,2768,3,yes,78,low,106.8,high,1
1301,2137,1,yes,31,low,105.6,Low,1
1302,3416,0,yes,68,low,104.1,Low,1
1303,3530,5,no,86,low,99.7,high,1
1304,1286,1,yes,68,low,106,high,1
1305,3179,4,no,41,high,105.2,high,1
1306,3654,3,no,52,low,98.9,high,1
1307,2359,2,yes,58,low,102.6,high,1
1308,444,4,yes,73,high,99.7,Low,0
1309,35,2,yes,38,high,101.4,Low,0
1310,1475,5,yes,14,low,98.2,high,0
1311,3957,0,no,70,low,102,high,1
1312,1798,0,no,28,high,103.5,Low,0
1313,1845,0,yes,2,low,104.2,Low,0
1314,1408,2,no,82,low,104.6,high,1
1315,1708,4,yes,9,low,106.4,Low,0
1316,2938,0,no,28,low,100.2,high,0
1317,1300,4,no,78,high,99.2,high,1
1318,1243,2,yes,34,high,106.5,Low,0
1319,3976,5,no,5,high,99.6,high,0
1320,3097,4,no,11,high,107.7,high,1
1321,9,5,yes,37,high,106.4,high,1
1322,2425,2,no,76,high,103,Low,1
1323,1660,2,yes,18,low,107.8,Low,0
1324,2631,3,yes,66,low,99,Low,1
1325,1072,2,no,7,high,101,Low,0
1326,3225,2,yes,7,low,104.4,high,1
1327,1316,1,no,83,low,101.5,high,1
1328,4145,0,yes,46,low,107.3,Low,0
1329,3683,3,yes,3,high,98.7,high,0
1330,3273,3,yes,50,high,103.5,Low,1
1331,145,3,yes,84,low,103.9,Low,1
1332,3040,1,yes,66,high,104.5,high,1
1333,1462,5,no,44,high,100.6,Low,0
1334,1584,2,no,7,low,101.6,Low,0
1335,482,0,no,86,low,106.4,Low,0
1336,3179,4,yes,15,low,99.9,high,0
1337,1249,5,no,76,low,106.3,high,1
1338,630,2,no,66,high,103.6,Low,1
1339,661,1,yes,8,low,105.6,Low,0
1340,3503,2,yes,59,low,105.1,high,1
1341,2852,2,no,77,high,100.1,high,1
1342,2466,1,no,76,high,103.7,high,1
1343,987,3,yes,70,high,106.7,Low,1
1344,1546,3,yes,14,high,102.3,Low,0
1345,649,0,no,70,low,107.7,high,0
1346,968,0,yes,40,high,102.5,high,0
1347,2637,3,no,21,low,99.4,Low,0
1348,1100,5,no,23,high,101.9,high,0
1349,440,4,yes,43,high,107.5,Low,0
1350,769,2,no,0,high,101.2,high,0
1351,1343,4,no,9,high,106.7,Low,1
1352,3729,2,yes,79,low,106.8,high,1
1353,3906,3,no,71,low,101.5,high,1
1354,1577,0,yes,55,high,98.8,high,0
1355,4008,5,no,88,high,105.2,high,1
1356,3351,0,no,49,high,101.1,Low,0
1357,2349,4,yes,11,high,105.8,high,1
1358,3602,0,yes,88,low,102.4,Low,1
1359,1241,3,no,80,high,102.9,Low,1
1360,1125,5,yes,59,low,105.8,Low,1
1361,2601,4,yes,25,high,101.8,high,0
1362,1190,5,no,77,low,102.4,Low,1
1363,4131,2,no,40,high,101.8,Low,1
1364,72,0,no,35,low,101.7,Low,0
1365,1914,5,no,22,high,103.3,high,1
1366,2472,1,yes,42,high,106.1,Low,1
1367,3046,0,no,5,low,101.6,high,0
1368,707,2,yes,68,low,103.2,high,1
1369,1804,5,no,42,low,104.7,high,0
1370,3713,4,yes,24,high,100.7,high,0
1371,2564,2,yes,17,high,100.8,high,1
1372,2475,1,yes,61,low,107.3,Low,1
1373,3610,5,yes,12,high,105.2,high,1
1374,2823,3,no,42,low,103.8,high,1
1375,1735,0,yes,77,low,104.5,high,0
1376,1585,4,yes,27,low,98.3,high,0
1377,66,3,no,17,high,104.2,Low,0
1378,3061,5,yes,58,high,103.1,high,1
1379,2428,5,yes,59,low,103.5,high,1
1380,4153,2,yes,62,high,101.6,high,1
1381,341,5,yes,56,low,98.8,Low,0
1382,2774,4,no,50,low,99.9,Low,1
1383,2817,3,yes,55,low,107.5,Low,1
1384,2661,4,yes,26,high,102.1,high,1
1385,1232,1,yes,31,high,102.7,high,1
1386,3874,1,no,8,low,98.5,high,0
1387,2401,0,no,83,high,98.4,Low,0
1388,1494,0,no,67,high,105.2,Low,0
1389,661,1,no,45,low,103.4,Low,1
1390,3883,5,yes,66,low,103.1,high,1
1391,3619,4,yes,25,high,100.4,high,1
1392,1868,1,no,7,low,105.4,high,0
1393,2334,0,yes,5,high,99.7,Low,0
1394,3374,1,yes,79,high,99.9,high,1
1395,1016,5,yes,23,high,102.6,Low,0
1396,207,1,yes,47,high,100.9,high,0
1397,2665,4,no,44,low,100.5,Low,1
1398,2493,3,yes,12,high,104.5,Low,1
1399,632,5,yes,68,low,104.5,Low,1
1400,2102,0,yes,24,low,106.2,Low,1
1401,2959,4,yes,19,high,102.2,high,1
1402,3083,1,no,81,high,98.7,high,1
1403,1931,1,no,81,low,100.7,Low,0
1404,3719,3,no,65,high,107.8,high,1
1405,2562,0,no,73,low,104,high,1
1406,1679,0,yes,44,low,105.1,Low,0
1407,236,2,no,46,high,98.1,Low,0
1408,1540,0,no,62,high,103.2,Low,1
1409,3943,3,no,75,low,98.4,Low,1
1410,363,2,yes,76,high,103.7,high,1
1411,2368,2,no,54,high,107.2,Low,1
1412,285,1,no,74,high,107.7,high,1
1413,148,1,no,18,low,103.4,high,0
1414,4037,0,no,34,low,102.6,Low,1
1415,1766,2,no,52,high,107.5,high,1
1416,1012,1,no,25,high,104.7,Low,1
1417,2831,3,yes,13,high,98.6,Low,0
1418,2507,1,yes,44,high,102.7,high,1
1419,1523,5,no,43,high,100.4,Low,0
1420,2785,5,no,87,low,102.7,high,1
1421,2556,1,no,64,low,102.6,high,1
1422,3725,2,yes,50,high,103.8,high,1
1423,1601,2,no,42,high,101.6,Low,0
1424,2408,4,yes,85,low,99.6,high,1
1425,340,5,yes,22,high,103,high,0
1426,2817,3,no,55,low,106.3,Low,1
1427,2496,2,no,18,low,104.6,Low,1
1428,1725,0,no,81,low,101.4,Low,0
1429,1689,5,no,75,high,107.4,high,1
1430,3267,3,yes,54,high,107.1,high,1
1431,261,3,no,59,high,100.1,high,0
1432,1442,2,yes,58,low,98.4,Low,0
1433,405,3,yes,32,high,105.4,high,0
1434,2190,2,no,18,low,106.3,high,1
1435,243,1,no,27,low,107.7,high,0
1436,4107,5,no,51,high,106.9,high,1
1437,560,4,no,48,low,104,Low,1
1438,4137,1,yes,36,low,103.3,Low,1
1439,2725,5,yes,25,low,98.3,Low,0
1440,593,2,yes,39,high,100.5,Low,0
1441,1826,5,yes,79,high,102.6,high,1
1442,3229,2,yes,37,low,104.3,high,1
1443,3287,1,no,76,low,103.6,high,1
1444,4073,0,no,86,high,105.4,Low,1
1445,133,0,yes,53,low,100.8,high,0
1446,3138,5,no,21,low,103.6,high,1
1447,3919,0,no,15,low,98.9,Low,0
1448,72,2,yes,27,low,102.1,Low,0
1449,2978,3,no,34,low,105.5,high,1
1450,1985,2,no,59,low,104.9,high,1
1451,792,3,no,44,low,107.9,high,0
1452,94,1,yes,45,high,100.8,Low,0
1453,1133,4,yes,71,high,103,Low,1
1454,237,3,yes,54,high,101.3,Low,1
1455,2946,0,no,85,high,102.4,high,1
1456,2530,2,yes,84,high,106.6,high,1
1457,1960,1,yes,25,low,104.8,Low,0
1458,1048,0,yes,84,high,106.8,Low,0
1459,2529,1,yes,24,high,100,Low,0
1460,2964,4,yes,64,high,106.7,high,1
1461,963,2,yes,5,low,98.6,high,0
1462,536,5,yes,22,low,106.9,Low,1
1463,3679,2,no,63,high,101.3,Low,1
1464,4187,4,yes,86,high,101.1,Low,1
1465,3724,2,yes,42,low,103.1,high,1
1466,542,5,yes,22,high,107.4,Low,1
1467,845,3,yes,29,high,98.5,high,0
1468,3603,1,yes,76,high,101.5,high,1
1469,3036,5,no,17,low,106.6,high,1
1470,2494,0,yes,86,high,102,Low,1
1471,2719,4,yes,78,high,100,Low,1
1472,1884,3,yes,20,high,102.2,Low,0
1473,4138,0,no,56,low,101.9,Low,1
1474,3201,0,yes,22,high,107.2,Low,0
1475,2710,4,no,90,low,105.6,Low,1
1476,1953,3,no,44,high,103.1,Low,0
1477,3850,0,yes,43,high,107.9,Low,1
1478,689,0,yes,81,high,102.7,high,0
1479,1950,3,no,87,low,98.6,high,0
1480,456,2,no,46,low,100.6,Low,0
1481,2130,0,yes,39,high,102.4,high,0
1482,3976,1,yes,50,high,99.6,Low,1
1483,1179,3,yes,41,low,107.5,high,1
1484,3565,0,no,6,low,105.7,Low,1
1485,882,4,no,49,high,100.7,high,0
1486,399,5,yes,47,low,103.9,high,0
1487,608,1,no,83,low,105.2,Low,1
1488,1638,5,no,90,high,107.4,high,1
1489,2148,5,yes,5,high,106.8,Low,1
1490,1382,0,yes,90,high,103.2,high,1
1491,1403,1,no,8,low,105.7,Low,0
1492,819,1,yes,56,low,103.6,high,1
1493,3292,2,no,30,low,103.5,high,1
1494,819,5,yes,20,low,99.1,Low,0
1495,419,1,no,89,high,99.3,high,1
1496,3302,2,no,39,low,103.3,Low,1
1497,1508,3,no,44,high,100.7,Low,0
1498,767,2,yes,76,low,98.2,Low,0
1499,2044,4,yes,48,high,105.2,high,1
1500,2139,0,no,86,low,98.3,high,0
1501,3029,3,yes,19,high,104,high,1
1502,1549,3,yes,16,low,103.4,high,0
1503,1764,4,yes,27,high,107.7,Low,1
1504,2645,2,yes,40,low,102.8,Low,1
1505,3716,0,no,65,high,98.6,Low,0
1506,2293,2,yes,24,high,103.5,high,1
1507,2708,1,no,57,low,106.4,high,1
1508,900,2,no,40,low,108,high,1
1509,3084,3,no,5,high,102.3,Low,1
1510,2009,0,yes,74,high,101.2,high,0
1511,241,2,no,37,high,107.1,high,1
1512,2385,0,no,5,low,99.9,Low,0
1513,671,0,no,44,low,104.2,high,0
1514,163,1,yes,74,high,102.1,Low,1
1515,464,1,no,13,high,98.4,Low,0
1516,3042,3,no,65,low,101.5,Low,1
1517,2442,4,yes,39,high,100.7,high,0
1518,2355,0,no,2,low,104.9,Low,0
1519,2557,4,no,23,high,107.5,Low,1
1520,545,3,yes,18,high,100.7,high,0
1521,3835,0,yes,17,low,106.1,high,1
1522,593,0,no,63,high,98.6,Low,0
1523,3804,5,yes,87,low,103.4,Low,1
1524,1459,4,no,34,high,98.7,Low,0
1525,3493,2,yes,61,high,107.3,Low,1
1526,2601,1,no,0,low,105.7,Low,1
1527,2444,2,yes,24,high,104.6,high,1
1528,2672,4,yes,44,high,106.2,high,1
1529,4200,1,no,48,high,104.5,Low,1
1530,16,2,no,88,high,107.7,high,1
1531,3191,5,yes,15,high,105.1,high,1
1532,392,1,yes,18,low,107.2,Low,0
1533,424,0,no,22,low,103.2,high,0
1534,571,2,no,82,high,99.2,high,1
1535,3631,1,yes,24,high,103.3,Low,1
1536,1120,5,no,15,high,99.3,Low,0
1537,241,1,yes,53,low,103.9,Low,1
1538,3897,1,yes,72,high,102.8,Low,1
1539,4095,5,yes,0,low,104.2,Low,1
1540,2279,2,yes,41,low,98.1,Low,0
1541,788,3,yes,18,low,99.9,Low,0
1542,714,2,yes,33,low,102.9,Low,0
1543,2849,4,no,79,low,107.5,Low,1
1544,775,5,no,54,high,101.8,Low,0
1545,4026,2,yes,17,high,102.2,Low,1
1546,2247,1,no,33,high,105.1,Low,1
1547,78,5,no,88,high,104,high,1
1548,3926,0,no,44,high,101,Low,0
1549,855,2,no,5,low,102.1,Low,0
1550,2148,5,no,20,low,100.2,Low,1
1551,1031,2,yes,69,low,107.7,Low,1
1552,3271,5,no,47,low,99.3,Low,0
1553,3576,1,yes,38,low,101.7,Low,1
1554,4182,0,no,30,high,98.3,Low,0
1555,3456,0,yes,9,high,100.2,high,0
1556,3506,4,no,29,low,105.8,Low,1
1557,407,5,no,17,low,100,Low,0
1558,2711,2,no,59,high,98.8,high,1
1559,3088,0,yes,87,high,102.7,high,1
1560,1668,0,no,72,high,98.1,high,0
1561,147,3,no,14,high,98.8,Low,0
1562,3897,3,no,3,low,106.1,high,1
1563,1950,0,no,62,high,105.7,Low,0
1564,365,5,no,39,low,107.2,Low,0
1565,1674,4,yes,8,high,106.5,Low,0
1566,2546,0,yes,8,high,104.8,high,1
1567,562,1,no,25,low,98.5,Low,0
1568,3562,2,yes,3,high,105.8,Low,1
1569,2489,4,yes,80,high,106.5,Low,1
1570,772,1,no,15,high,106,Low,0
1571,2037,4,no,14,high,103.1,high,1
1572,3423,1,no,51,high,100.3,high,1
1573,2567,2,no,68,high,106.5,high,1
1574,1573,2,no,4,low,105.3,high,0
1575,3694,3,no,19,high,107.8,high,1
1576,3291,5,yes,78,low,99.6,Low,1
1577,1246,1,no,17,high,100.3,high,0
1578,3719,3,yes,1,low,100.1,high,0
1579,3839,1,yes,12,low,105.9,high,1
1580,359,3,no,3,high,99.9,Low,0
1581,2376,2,yes,41,high,98.7,Low,1
1582,3009,4,no,73,high,108,Low,1
1583,2993,3,no,60,low,98.2,Low,1
1584,962,1,no,7,high,106.4,high,1
1585,3632,1,no,66,high,101.7,high,1
1586,1827,5,yes,62,high,106.4,Low,1
1587,1613,2,yes,8,high,103.5,Low,1
1588,1640,1,no,10,low,107,Low,0
1589,2216,0,no,41,high,107.3,Low,1
1590,377,4,yes,12,low,98.1,high,0
1591,369,3,no,35,low,98.8,high,0
1592,2196,5,yes,12,high,100.5,Low,0
1593,3747,4,no,11,low,104.7,high,1
1594,651,2,no,36,high,106.9,high,1
1595,769,5,no,73,low,102.6,Low,1
1596,2421,3,yes,72,high,104.1,high,1
1597,780,3,yes,51,low,99.9,high,0
1598,1716,0,yes,70,high,106,high,0
1599,3983,2,yes,1,high,107.7,Low,1
1600,1311,5,no,55,low,100.7,Low,0
1601,3359,5,no,59,high,102.9,Low,1
1602,522,1,yes,22,high,98.9,high,0
1603,521,0,no,39,low,103.6,Low,0
1604,2320,0,yes,63,low,103,high,1
1605,935,5,yes,84,high,99.4,high,0
1606,2230,5,yes,22,low,102.4,Low,1
1607,4040,4,no,28,high,101.3,high,1
1608,3697,4,yes,77,low,103.2,Low,1
1609,2837,4,no,89,high,103.9,Low,1
1610,4083,0,yes,50,low,98.1,high,1
1611,2461,1,yes,68,high,105.6,Low,1
1612,3243,3,yes,88,low,105.1,Low,1
1613,3359,4,no,30,high,101.7,high,1
1614,685,1,yes,49,low,98.5,high,0
1615,2160,2,yes,19,high,105.5,high,1
1616,3988,4,no,54,low,107.6,Low,1
1617,4066,3,no,80,low,100.4,Low,1
1618,1567,2,no,1,high,101.2,Low,0
1619,38,2,no,24,low,99.8,Low,0
1620,2544,3,yes,12,low,103.8,high,1
1621,1256,4,no,69,high,99.5,high,0
1622,2990,0,no,66,high,101.6,Low,0
1623,2196,3,yes,57,low,105,Low,1
1624,3468,3,no,81,high,103.6,Low,1
1625,2708,3,yes,74,high,101.9,high,1
1626,301,2,no,83,low,102.2,Low,1
1627,646,1,no,63,high,103.6,Low,1
1628,1759,0,yes,68,low,98.1,Low,0
1629,597,4,yes,82,high,98.8,Low,0
1630,661,4,no,85,high,106.8,Low,1
1631,1368,1,yes,58,high,98.8,high,0
1632,2581,3,no,59,high,105.1,Low,1
1633,3868,0,no,82,high,107.2,high,1
1634,3537,4,yes,61,low,100.7,Low,1
1635,282,5,no,15,low,101.7,Low,0
1636,3678,4,yes,87,low,103.7,high,1
1637,1486,3,yes,67,high,106.8,high,1
1638,4082,5,yes,14,high,107.4,Low,1
1639,4183,1,no,88,low,105.4,high,1
1640,460,0,no,54,high,98.9,Low,0
1641,2325,1,yes,34,low,104.7,Low,1
1642,3754,1,no,54,low,102.1,high,1
1643,2468,0,yes,13,high,102.7,high,0
1644,1724,0,no,48,low,98.5,Low,0
1645,1376,4,yes,82,high,99.9,Low,0
1646,2743,4,yes,6,low,105.9,Low,1
1647,514,0,no,29,high,102.5,Low,0
1648,702,5,yes,82,low,101,high,0
1649,1653,2,yes,48,high,101.8,Low,0
1650,2066,4,yes,88,high,106.5,high,1
1651,22,2,no,15,high,105.5,high,1
1652,2460,5,yes,50,low,100.7,high,1
1653,1304,0,no,71,high,99.2,high,0
1654,3300,5,yes,81,high,100.5,high,1
1655,361,4,no,79,high,107.2,Low,1
1656,3727,1,no,82,high,103.8,high,1
1657,1284,0,yes,41,low,103.3,Low,0
1658,514,3,yes,16,low,104,Low,0
1659,448,2,no,62,low,101.7,Low,0
1660,1855,5,yes,44,high,106.1,Low,0
1661,3562,0,no,76,high,103.2,Low,1
1662,2520,5,yes,6,low,99.2,Low,0
1663,3081,0,no,26,low,99.3,high,0
1664,1428,4,no,9,high,103.4,Low,0
1665,3967,4,no,33,low,107.4,high,1
1666,922,4,yes,35,high,101.1,high,0
1667,3137,5,yes,24,low,106.7,high,1
1668,2159,3,yes,5,high,105.6,high,1
1669,2547,4,yes,23,low,100.5,high,1
1670,2979,0,yes,17,low,98.4,high,0
1671,2281,4,yes,86,high,99,Low,1
1672,2649,1,no,5,high,105.3,high,1
1673,313,4,no,28,low,100,high,0
1674,2613,5,yes,24,high,101.7,Low,0
1675,3083,3,no,54,low,103,Low,1
1676,2256,1,yes,80,high,105.3,high,1
1677,1037,5,no,45,high,99.1,high,0
1678,3489,5,yes,23,high,102.1,Low,1
1679,2634,5,yes,74,low,102.9,high,1
1680,3983,0,yes,25,high,103.4,Low,0
1681,1778,5,yes,27,low,106.2,high,1
1682,3895,0,yes,2,low,99.7,high,0
1683,1124,5,yes,74,low,106.1,high,1
1684,697,2,yes,37,high,104.9,Low,0
1685,2179,1,yes,60,high,103.6,high,1
1686,1404,2,yes,77,low,105,high,1
1687,1043,5,no,50,low,102.1,high,1
1688,1929,1,no,89,low,99.4,high,0
1689,1013,1,yes,47,low,104.7,Low,0
1690,226,3,yes,20,low,103.2,high,1
1691,1828,2,yes,53,low,104.4,high,1
1692,2023,3,yes,55,low,101.4,Low,1
1693,2452,1,yes,58,low,107.1,Low,1
1694,2085,0,yes,71,low,103.9,high,1
1695,1080,1,yes,50,high,98.9,Low,0
1696,2320,3,yes,19,high,102.5,Low,1
1697,3190,2,yes,85,low,105.6,Low,1
1698,2630,5,yes,58,low,105.9,Low,1
1699,2563,5,yes,70,low,102.9,Low,1
